restaurant_id,restaurant_size,hour,is_peak,zomato_orders,dine_in_orders,competitor_orders,total_orders,true_kpt,zomato_only_kpt,kpt_underestimation
REST_001,small,0,0,3,0,0,3,13.9,15.3,-1.4000000000000004
REST_001,small,1,0,1,2,0,3,12.2,9.3,2.8999999999999986
REST_001,small,2,0,2,1,0,3,11.9,7.9,4.0
REST_001,small,3,0,2,1,1,4,13.2,11.6,1.5999999999999996
REST_001,small,4,0,2,1,1,4,11.9,14.4,-2.5
REST_001,small,5,0,2,6,0,8,18.6,11.6,7.000000000000002
REST_001,small,6,0,1,2,1,4,15.6,12.9,2.6999999999999993
REST_001,small,7,0,2,1,2,5,15.1,11.4,3.6999999999999993
REST_001,small,8,0,3,1,2,6,16.5,16.4,0.10000000000000142
REST_001,small,9,0,2,0,0,2,9.4,14.3,-4.9
REST_001,small,10,0,2,2,0,4,12.8,11.2,1.6000000000000014
REST_001,small,11,0,5,4,0,9,19.1,12.6,6.500000000000002
REST_001,small,12,1,2,3,2,7,26.5,17.5,9.0
REST_001,small,13,1,5,1,2,8,24.8,20.0,4.800000000000001
REST_001,small,14,1,2,4,3,9,23.1,17.4,5.700000000000003
REST_001,small,15,0,2,0,2,4,11.3,12.3,-1.0
REST_001,small,16,0,1,3,1,5,17.1,8.6,8.500000000000002
REST_001,small,17,0,3,0,3,6,19.2,11.6,7.6
REST_001,small,18,0,4,0,2,6,17.2,13.0,4.199999999999999
REST_001,small,19,1,0,4,2,6,23.1,17.5,5.600000000000001
REST_001,small,20,1,4,3,4,11,24.3,19.3,5.0
REST_001,small,21,1,2,6,5,13,31.4,16.5,14.899999999999999
REST_001,small,22,0,1,3,0,4,14.5,8.8,5.699999999999999
REST_001,small,23,0,4,1,4,9,21.0,16.7,4.300000000000001
REST_002,medium,0,0,5,1,3,9,18.1,14.8,3.3000000000000007
REST_002,medium,1,0,4,1,5,10,19.7,16.1,3.599999999999998
REST_002,medium,2,0,2,5,3,10,21.8,15.5,6.300000000000001
REST_002,medium,3,0,5,1,0,6,17.5,17.0,0.5
REST_002,medium,4,0,4,4,4,12,22.8,14.5,8.3
REST_002,medium,5,0,8,3,1,12,23.8,17.6,6.199999999999999
REST_002,medium,6,0,3,2,5,10,22.1,11.9,10.200000000000001
REST_002,medium,7,0,10,4,2,16,28.2,20.7,7.5
REST_002,medium,8,0,7,3,0,10,16.8,21.2,-4.399999999999999
REST_002,medium,9,0,3,3,1,7,18.8,15.0,3.8000000000000007
REST_002,medium,10,0,1,7,1,9,15.8,14.2,1.6000000000000014
REST_002,medium,11,0,3,1,1,5,18.0,14.8,3.1999999999999993
REST_002,medium,12,1,7,10,4,21,37.9,24.7,13.2
REST_002,medium,13,1,9,13,1,23,40.9,22.7,18.2
REST_002,medium,14,1,16,8,9,33,54.3,34.4,19.9
REST_002,medium,15,0,2,4,3,9,21.9,12.9,8.999999999999998
REST_002,medium,16,0,5,4,1,10,21.7,13.6,8.1
REST_002,medium,17,0,5,1,1,7,17.5,13.4,4.1
REST_002,medium,18,0,4,4,0,8,20.5,13.2,7.300000000000001
REST_002,medium,19,1,9,9,1,19,33.8,23.6,10.199999999999996
REST_002,medium,20,1,9,10,2,21,37.3,24.1,13.199999999999996
REST_002,medium,21,1,7,12,4,23,37.3,24.3,12.999999999999996
REST_002,medium,22,0,4,2,3,9,22.1,15.9,6.200000000000001
REST_002,medium,23,0,7,3,3,13,23.1,18.9,4.200000000000003
REST_003,small,0,0,1,2,2,5,11.4,9.1,2.3000000000000007
REST_003,small,1,0,2,1,2,5,16.0,13.7,2.3000000000000007
REST_003,small,2,0,0,2,0,2,13.2,12.5,0.6999999999999993
REST_003,small,3,0,3,1,1,5,18.5,14.1,4.4
REST_003,small,4,0,3,1,1,5,14.6,12.2,2.4000000000000004
REST_003,small,5,0,4,1,0,5,15.8,16.1,-0.3000000000000007
REST_003,small,6,0,3,2,0,5,19.1,14.5,4.600000000000001
REST_003,small,7,0,2,2,3,7,22.8,13.2,9.600000000000001
REST_003,small,8,0,1,2,1,4,16.0,11.2,4.800000000000001
REST_003,small,9,0,1,2,1,4,14.4,8.5,5.9
REST_003,small,10,0,3,1,1,5,13.9,13.0,0.9000000000000004
REST_003,small,11,0,3,1,1,5,20.6,11.1,9.500000000000002
REST_003,small,12,1,2,4,2,8,21.0,15.6,5.4
REST_003,small,13,1,2,3,1,6,21.8,16.9,4.900000000000002
REST_003,small,14,1,3,6,2,11,23.8,21.8,2.0
REST_003,small,15,0,3,1,0,4,11.8,16.8,-5.0
REST_003,small,16,0,2,2,3,7,17.0,12.1,4.9
REST_003,small,17,0,2,1,3,6,13.3,13.3,0.0
REST_003,small,18,0,3,0,0,3,16.5,16.4,0.10000000000000142
REST_003,small,19,1,4,1,1,6,22.0,17.9,4.100000000000001
REST_003,small,20,1,3,6,1,10,27.2,15.3,11.899999999999999
REST_003,small,21,1,1,3,0,4,19.3,19.6,-0.3000000000000007
REST_003,small,22,0,2,3,1,6,14.0,11.7,2.3000000000000007
REST_003,small,23,0,5,1,1,7,19.3,15.8,3.5
REST_004,small,0,0,5,2,1,8,16.0,16.5,-0.5
REST_004,small,1,0,0,0,1,1,10.6,10.3,0.29999999999999893
REST_004,small,2,0,2,1,2,5,16.9,12.3,4.599999999999998
REST_004,small,3,0,4,4,1,9,18.2,16.0,2.1999999999999993
REST_004,small,4,0,0,1,0,1,7.2,7.6,-0.39999999999999947
REST_004,small,5,0,3,0,3,6,14.4,14.1,0.3000000000000007
REST_004,small,6,0,4,1,0,5,14.3,13.3,1.0
REST_004,small,7,0,2,4,1,7,16.0,13.1,2.9000000000000004
REST_004,small,8,0,2,2,0,4,13.7,13.4,0.29999999999999893
REST_004,small,9,0,0,5,0,5,12.0,7.5,4.5
REST_004,small,10,0,2,0,0,2,11.2,12.6,-1.4000000000000004
REST_004,small,11,0,3,2,1,6,17.1,13.9,3.200000000000001
REST_004,small,12,1,9,2,1,12,30.6,23.3,7.300000000000001
REST_004,small,13,1,4,4,3,11,27.6,22.6,5.0
REST_004,small,14,1,4,3,1,8,20.2,21.3,-1.1000000000000014
REST_004,small,15,0,1,4,1,6,19.7,11.0,8.7
REST_004,small,16,0,2,2,0,4,15.7,14.2,1.5
REST_004,small,17,0,1,2,1,4,15.7,10.9,4.799999999999999
REST_004,small,18,0,2,2,1,5,13.0,15.1,-2.0999999999999996
REST_004,small,19,1,8,2,4,14,31.1,22.3,8.8
REST_004,small,20,1,3,4,0,7,22.4,16.9,5.5
REST_004,small,21,1,6,2,1,9,29.7,21.6,8.099999999999998
REST_004,small,22,0,2,1,0,3,12.8,12.0,0.8000000000000007
REST_004,small,23,0,0,1,2,3,12.3,9.1,3.200000000000001
REST_005,small,0,0,2,1,3,6,15.4,14.4,1.0
REST_005,small,1,0,1,3,2,6,15.3,10.1,5.200000000000001
REST_005,small,2,0,3,0,2,5,19.0,14.2,4.800000000000001
REST_005,small,3,0,4,1,0,5,15.0,11.1,3.9000000000000004
REST_005,small,4,0,4,2,2,8,18.6,18.0,0.6000000000000014
REST_005,small,5,0,3,2,2,7,18.5,11.9,6.6
REST_005,small,6,0,2,1,2,5,15.2,14.3,0.8999999999999986
REST_005,small,7,0,2,0,2,4,11.8,14.5,-2.6999999999999993
REST_005,small,8,0,1,2,0,3,13.5,8.5,5.0
REST_005,small,9,0,2,1,1,4,16.1,14.6,1.5000000000000018
REST_005,small,10,0,5,0,0,5,15.6,14.1,1.5
REST_005,small,11,0,1,0,2,3,12.1,11.1,1.0
REST_005,small,12,1,3,7,0,10,28.2,16.2,12.0
REST_005,small,13,1,3,5,5,13,31.5,20.7,10.8
REST_005,small,14,1,4,4,5,13,31.7,16.9,14.8
REST_005,small,15,0,5,1,0,6,14.0,12.2,1.8000000000000007
REST_005,small,16,0,2,0,1,3,13.6,10.8,2.799999999999999
REST_005,small,17,0,3,2,0,5,13.2,10.2,3.0
REST_005,small,18,0,2,5,0,7,17.2,13.0,4.199999999999999
REST_005,small,19,1,3,2,1,6,22.0,21.1,0.8999999999999986
REST_005,small,20,1,4,1,1,6,25.3,19.8,5.5
REST_005,small,21,1,2,4,5,11,28.1,14.6,13.500000000000002
REST_005,small,22,0,3,0,1,4,13.8,15.8,-2.0
REST_005,small,23,0,1,2,0,3,14.6,11.9,2.6999999999999993
REST_006,small,0,0,0,0,2,2,11.1,7.3,3.8
REST_006,small,1,0,3,2,3,8,19.4,12.2,7.199999999999999
REST_006,small,2,0,2,0,1,3,11.1,10.8,0.29999999999999893
REST_006,small,3,0,1,1,1,3,15.4,11.3,4.1
REST_006,small,4,0,2,1,3,6,15.2,12.1,3.0999999999999996
REST_006,small,5,0,2,1,1,4,17.6,11.6,6.000000000000002
REST_006,small,6,0,4,1,4,9,18.4,14.9,3.4999999999999982
REST_006,small,7,0,1,3,0,4,12.8,8.4,4.4
REST_006,small,8,0,0,2,1,3,14.1,15.0,-0.9000000000000004
REST_006,small,9,0,4,1,1,6,17.7,15.6,2.0999999999999996
REST_006,small,10,0,1,1,1,3,13.4,11.4,2.0
REST_006,small,11,0,1,3,1,5,10.4,11.2,-0.7999999999999989
REST_006,small,12,1,2,0,0,2,17.3,18.3,-1.0
REST_006,small,13,1,5,4,0,9,24.5,23.5,1.0
REST_006,small,14,1,2,3,0,5,19.3,16.6,2.6999999999999993
REST_006,small,15,0,1,4,2,7,15.0,10.7,4.300000000000001
REST_006,small,16,0,2,2,1,5,14.4,13.0,1.4000000000000004
REST_006,small,17,0,1,0,0,1,11.1,12.3,-1.200000000000001
REST_006,small,18,0,0,2,0,2,9.8,9.9,-0.09999999999999964
REST_006,small,19,1,4,7,2,13,29.1,21.2,7.900000000000002
REST_006,small,20,1,5,3,1,9,25.4,19.6,5.799999999999997
REST_006,small,21,1,1,0,3,4,21.8,14.8,7.0
REST_006,small,22,0,1,0,0,1,13.5,12.5,1.0
REST_006,small,23,0,1,0,1,2,13.4,13.7,-0.29999999999999893
REST_007,small,0,0,1,3,0,4,17.3,14.7,2.6000000000000014
REST_007,small,1,0,3,2,1,6,20.7,11.1,9.6
REST_007,small,2,0,2,0,2,4,15.0,12.7,2.3000000000000007
REST_007,small,3,0,4,4,3,11,21.9,14.2,7.699999999999999
REST_007,small,4,0,2,3,1,6,17.7,8.7,9.0
REST_007,small,5,0,4,1,0,5,15.1,12.7,2.4000000000000004
REST_007,small,6,0,2,2,1,5,15.2,12.2,3.0
REST_007,small,7,0,1,1,2,4,13.5,9.5,4.0
REST_007,small,8,0,4,2,1,7,20.0,13.3,6.699999999999999
REST_007,small,9,0,0,2,0,2,15.3,14.0,1.3000000000000007
REST_007,small,10,0,4,2,0,6,18.8,13.1,5.700000000000001
REST_007,small,11,0,3,0,1,4,14.2,13.1,1.0999999999999996
REST_007,small,12,1,8,5,1,14,29.3,25.3,4.0
REST_007,small,13,1,4,5,0,9,25.3,18.6,6.699999999999999
REST_007,small,14,1,4,5,0,9,22.9,17.6,5.299999999999997
REST_007,small,15,0,2,1,2,5,14.4,12.2,2.200000000000001
REST_007,small,16,0,0,1,1,2,13.7,9.4,4.299999999999999
REST_007,small,17,0,0,4,1,5,17.1,7.5,9.600000000000001
REST_007,small,18,0,1,3,0,4,13.5,10.0,3.5
REST_007,small,19,1,4,3,1,8,21.7,13.6,8.1
REST_007,small,20,1,5,2,3,10,24.7,21.7,3.0
REST_007,small,21,1,2,6,3,11,27.0,15.7,11.3
REST_007,small,22,0,3,2,2,7,14.0,13.7,0.3000000000000007
REST_007,small,23,0,4,2,2,8,18.1,13.6,4.500000000000002
REST_008,small,0,0,2,2,4,8,16.7,13.1,3.5999999999999996
REST_008,small,1,0,2,0,1,3,14.5,12.9,1.5999999999999996
REST_008,small,2,0,0,1,3,4,13.8,6.1,7.700000000000001
REST_008,small,3,0,2,2,0,4,16.1,13.3,2.8000000000000007
REST_008,small,4,0,0,0,0,0,8.7,5.9,2.799999999999999
REST_008,small,5,0,3,3,0,6,14.2,15.7,-1.5
REST_008,small,6,0,1,0,1,2,11.2,12.7,-1.5
REST_008,small,7,0,3,0,0,3,15.4,10.7,4.700000000000001
REST_008,small,8,0,5,3,1,9,20.2,17.7,2.5
REST_008,small,9,0,2,1,2,5,14.6,13.7,0.9000000000000004
REST_008,small,10,0,3,2,1,6,17.3,17.0,0.3000000000000007
REST_008,small,11,0,0,0,0,0,6.2,9.4,-3.2
REST_008,small,12,1,4,6,2,12,28.3,21.7,6.600000000000001
REST_008,small,13,1,3,5,2,10,28.9,17.6,11.299999999999997
REST_008,small,14,1,7,2,4,13,33.9,22.9,11.0
REST_008,small,15,0,0,1,1,2,11.3,8.6,2.700000000000001
REST_008,small,16,0,3,1,0,4,14.0,13.3,0.6999999999999993
REST_008,small,17,0,0,0,0,0,9.4,8.5,0.9000000000000004
REST_008,small,18,0,3,2,1,6,16.8,9.0,7.800000000000001
REST_008,small,19,1,5,5,4,14,29.4,20.8,8.599999999999998
REST_008,small,20,1,1,3,2,6,24.6,15.1,9.500000000000002
REST_008,small,21,1,1,6,5,12,25.9,16.3,9.599999999999998
REST_008,small,22,0,0,1,1,2,8.3,11.5,-3.1999999999999993
REST_008,small,23,0,4,1,0,5,15.0,17.3,-2.3000000000000007
REST_009,medium,0,0,8,3,2,13,26.9,21.6,5.299999999999997
REST_009,medium,1,0,3,3,3,9,19.0,13.3,5.699999999999999
REST_009,medium,2,0,3,0,1,4,10.8,12.6,-1.799999999999999
REST_009,medium,3,0,8,4,2,14,26.7,19.8,6.899999999999999
REST_009,medium,4,0,3,1,3,7,15.6,13.8,1.799999999999999
REST_009,medium,5,0,9,1,2,12,23.7,23.4,0.3000000000000007
REST_009,medium,6,0,5,5,3,13,25.6,14.0,11.600000000000001
REST_009,medium,7,0,9,2,4,15,26.2,21.9,4.300000000000001
REST_009,medium,8,0,3,4,3,10,22.9,14.3,8.599999999999998
REST_009,medium,9,0,1,6,3,10,19.4,11.1,8.299999999999999
REST_009,medium,10,0,3,3,3,9,22.8,13.3,9.5
REST_009,medium,11,0,2,2,5,9,16.8,11.9,4.9
REST_009,medium,12,1,11,11,2,24,39.8,29.3,10.499999999999996
REST_009,medium,13,1,0,6,3,9,22.2,13.4,8.799999999999999
REST_009,medium,14,1,13,7,4,24,42.2,29.1,13.100000000000001
REST_009,medium,15,0,4,1,4,9,19.2,18.6,0.5999999999999979
REST_009,medium,16,0,5,5,2,12,22.1,15.2,6.900000000000002
REST_009,medium,17,0,4,2,1,7,12.6,14.0,-1.4000000000000004
REST_009,medium,18,0,2,6,2,10,20.5,12.6,7.9
REST_009,medium,19,1,6,4,4,14,27.2,19.9,7.300000000000001
REST_009,medium,20,1,6,10,6,22,36.9,23.3,13.599999999999998
REST_009,medium,21,1,8,8,5,21,37.7,21.3,16.400000000000002
REST_009,medium,22,0,4,6,3,13,22.9,14.7,8.2
REST_009,medium,23,0,10,5,3,18,27.3,22.2,5.100000000000001
REST_010,small,0,0,2,1,1,4,13.7,10.9,2.799999999999999
REST_010,small,1,0,3,2,4,9,18.5,14.9,3.5999999999999996
REST_010,small,2,0,2,0,0,2,9.1,12.3,-3.200000000000001
REST_010,small,3,0,0,0,0,0,9.2,11.4,-2.200000000000001
REST_010,small,4,0,4,1,1,6,19.4,13.6,5.799999999999999
REST_010,small,5,0,2,1,1,4,9.2,12.6,-3.4000000000000004
REST_010,small,6,0,4,1,2,7,16.7,14.2,2.5
REST_010,small,7,0,0,1,1,2,10.7,8.0,2.6999999999999993
REST_010,small,8,0,1,0,2,3,15.7,12.7,3.0
REST_010,small,9,0,2,1,1,4,16.0,11.7,4.300000000000001
REST_010,small,10,0,5,0,2,7,18.5,18.3,0.1999999999999993
REST_010,small,11,0,1,1,0,2,14.1,12.7,1.4000000000000004
REST_010,small,12,1,2,9,2,13,26.7,14.8,11.899999999999999
REST_010,small,13,1,8,3,1,12,25.2,23.1,2.099999999999998
REST_010,small,14,1,4,5,1,10,23.8,17.4,6.400000000000002
REST_010,small,15,0,3,4,1,8,15.2,14.1,1.0999999999999996
REST_010,small,16,0,1,1,1,3,12.2,7.7,4.499999999999999
REST_010,small,17,0,2,2,2,6,19.6,11.2,8.400000000000002
REST_010,small,18,0,0,1,2,3,10.6,10.2,0.40000000000000036
REST_010,small,19,1,4,3,1,8,22.0,17.4,4.600000000000001
REST_010,small,20,1,4,2,3,9,26.5,17.1,9.399999999999999
REST_010,small,21,1,4,3,3,10,29.3,20.8,8.5
REST_010,small,22,0,2,1,2,5,14.7,13.0,1.6999999999999993
REST_010,small,23,0,2,0,1,3,13.9,12.6,1.3000000000000007
REST_011,medium,0,0,3,5,3,11,20.5,11.9,8.6
REST_011,medium,1,0,2,4,6,12,26.0,13.6,12.4
REST_011,medium,2,0,5,4,3,12,22.0,18.9,3.1000000000000014
REST_011,medium,3,0,5,1,2,8,20.4,15.5,4.899999999999999
REST_011,medium,4,0,4,1,1,6,18.2,15.1,3.0999999999999996
REST_011,medium,5,0,4,3,4,11,21.8,15.1,6.700000000000001
REST_011,medium,6,0,5,4,5,14,23.4,16.6,6.799999999999997
REST_011,medium,7,0,3,0,3,6,15.2,10.8,4.399999999999999
REST_011,medium,8,0,3,1,2,6,16.8,14.2,2.6000000000000014
REST_011,medium,9,0,6,5,2,13,25.2,15.0,10.2
REST_011,medium,10,0,4,1,1,6,21.8,12.2,9.600000000000001
REST_011,medium,11,0,3,7,3,13,22.7,13.2,9.5
REST_011,medium,12,1,9,9,2,20,40.5,24.3,16.2
REST_011,medium,13,1,6,12,7,25,44.1,22.2,21.900000000000002
REST_011,medium,14,1,8,7,8,23,38.7,22.6,16.1
REST_011,medium,15,0,7,1,3,11,21.4,18.7,2.6999999999999993
REST_011,medium,16,0,3,8,1,12,24.7,14.5,10.2
REST_011,medium,17,0,4,1,3,8,16.4,15.8,0.5999999999999979
REST_011,medium,18,0,2,1,6,9,23.4,11.2,12.2
REST_011,medium,19,1,14,11,7,32,53.3,32.1,21.199999999999996
REST_011,medium,20,1,13,7,7,27,45.2,30.9,14.300000000000004
REST_011,medium,21,1,10,5,2,17,33.6,27.0,6.600000000000001
REST_011,medium,22,0,4,1,2,7,18.9,13.3,5.599999999999998
REST_011,medium,23,0,3,2,2,7,18.1,18.7,-0.5999999999999979
REST_012,small,0,0,2,0,1,3,10.9,7.6,3.3000000000000007
REST_012,small,1,0,5,4,0,9,23.3,15.4,7.9
REST_012,small,2,0,3,2,2,7,18.2,10.8,7.399999999999999
REST_012,small,3,0,3,1,1,5,12.9,13.9,-1.0
REST_012,small,4,0,1,0,1,2,10.0,11.5,-1.5
REST_012,small,5,0,2,0,3,5,13.3,13.6,-0.29999999999999893
REST_012,small,6,0,2,1,4,7,13.5,11.0,2.5
REST_012,small,7,0,0,2,0,2,10.9,8.5,2.4000000000000004
REST_012,small,8,0,4,1,3,8,18.0,15.2,2.8000000000000007
REST_012,small,9,0,0,0,1,1,12.6,10.4,2.1999999999999993
REST_012,small,10,0,2,0,1,3,12.7,12.8,-0.10000000000000142
REST_012,small,11,0,0,1,0,1,10.0,10.7,-0.6999999999999993
REST_012,small,12,1,3,3,2,8,25.3,18.5,6.800000000000001
REST_012,small,13,1,1,0,3,4,19.0,16.0,3.0
REST_012,small,14,1,6,7,4,17,32.5,21.1,11.399999999999999
REST_012,small,15,0,1,3,2,6,14.4,11.7,2.700000000000001
REST_012,small,16,0,3,2,3,8,16.9,16.8,0.09999999999999787
REST_012,small,17,0,4,1,0,5,14.4,12.3,2.0999999999999996
REST_012,small,18,0,2,2,1,5,12.8,16.2,-3.3999999999999986
REST_012,small,19,1,1,8,2,11,26.9,16.3,10.599999999999998
REST_012,small,20,1,4,2,0,6,22.4,23.6,-1.2000000000000028
REST_012,small,21,1,1,7,1,9,25.2,15.5,9.7
REST_012,small,22,0,1,1,1,3,14.2,12.0,2.1999999999999993
REST_012,small,23,0,2,2,0,4,11.4,6.5,4.9
REST_013,large,0,0,7,10,7,24,34.5,17.3,17.2
REST_013,large,1,0,12,8,5,25,36.7,22.5,14.200000000000003
REST_013,large,2,0,13,8,12,33,46.6,26.8,19.8
REST_013,large,3,0,14,9,1,24,39.4,24.0,15.399999999999999
REST_013,large,4,0,8,8,5,21,34.0,15.1,18.9
REST_013,large,5,0,9,6,3,18,29.1,18.9,10.200000000000003
REST_013,large,6,0,9,3,3,15,26.7,18.9,7.800000000000001
REST_013,large,7,0,10,6,6,22,30.2,19.8,10.399999999999999
REST_013,large,8,0,14,5,6,25,36.6,24.0,12.600000000000001
REST_013,large,9,0,9,3,7,19,28.0,18.9,9.100000000000001
REST_013,large,10,0,9,6,11,26,40.9,20.3,20.599999999999998
REST_013,large,11,0,10,2,7,19,32.7,21.9,10.800000000000004
REST_013,large,12,1,16,19,11,46,66.2,30.6,35.6
REST_013,large,13,1,23,21,5,49,66.8,44.1,22.699999999999996
REST_013,large,14,1,19,15,7,41,56.8,38.0,18.799999999999997
REST_013,large,15,0,15,11,5,31,42.3,28.8,13.499999999999996
REST_013,large,16,0,12,6,4,22,32.4,25.9,6.5
REST_013,large,17,0,7,9,3,19,33.7,12.7,21.000000000000004
REST_013,large,18,0,11,6,9,26,37.7,18.6,19.1
REST_013,large,19,1,19,13,6,38,57.2,34.1,23.1
REST_013,large,20,1,18,19,10,47,65.7,39.1,26.6
REST_013,large,21,1,14,18,6,38,54.9,33.7,21.199999999999996
REST_013,large,22,0,13,7,6,26,36.7,23.8,12.900000000000002
REST_013,large,23,0,14,9,5,28,38.6,24.7,13.900000000000002
REST_014,medium,0,0,2,6,3,11,22.0,12.0,10.0
REST_014,medium,1,0,6,2,4,12,24.3,15.0,9.3
REST_014,medium,2,0,3,5,3,11,21.8,11.2,10.600000000000001
REST_014,medium,3,0,3,3,0,6,17.5,14.1,3.4000000000000004
REST_014,medium,4,0,10,4,0,14,28.2,22.1,6.099999999999998
REST_014,medium,5,0,3,2,2,7,18.3,8.3,10.0
REST_014,medium,6,0,5,2,3,10,21.4,12.8,8.599999999999998
REST_014,medium,7,0,4,1,1,6,13.3,14.6,-1.299999999999999
REST_014,medium,8,0,6,1,4,11,22.3,17.6,4.699999999999999
REST_014,medium,9,0,4,4,1,9,18.1,11.8,6.300000000000001
REST_014,medium,10,0,7,4,5,16,26.0,18.5,7.5
REST_014,medium,11,0,5,3,5,13,23.9,19.6,4.299999999999997
REST_014,medium,12,1,10,11,4,25,38.8,25.9,12.899999999999999
REST_014,medium,13,1,6,8,8,22,37.9,20.1,17.799999999999997
REST_014,medium,14,1,7,5,4,16,37.2,19.7,17.500000000000004
REST_014,medium,15,0,7,3,2,12,20.9,19.2,1.6999999999999993
REST_014,medium,16,0,8,5,3,16,23.6,18.9,4.700000000000003
REST_014,medium,17,0,5,6,2,13,23.3,15.1,8.200000000000001
REST_014,medium,18,0,3,6,5,14,23.3,13.4,9.9
REST_014,medium,19,1,12,9,4,25,42.7,31.8,10.900000000000002
REST_014,medium,20,1,12,9,3,24,42.2,28.3,13.900000000000002
REST_014,medium,21,1,10,9,5,24,41.4,26.0,15.399999999999999
REST_014,medium,22,0,3,2,4,9,20.2,12.7,7.5
REST_014,medium,23,0,5,3,2,10,23.5,14.6,8.9
REST_015,small,0,0,3,1,3,7,18.2,10.0,8.2
REST_015,small,1,0,2,1,0,3,10.5,11.2,-0.6999999999999993
REST_015,small,2,0,3,1,0,4,10.9,14.2,-3.299999999999999
REST_015,small,3,0,3,1,0,4,12.3,11.2,1.1000000000000014
REST_015,small,4,0,1,1,1,3,14.3,10.2,4.100000000000001
REST_015,small,5,0,1,1,1,3,16.4,11.2,5.199999999999999
REST_015,small,6,0,4,1,1,6,14.2,14.7,-0.5
REST_015,small,7,0,1,1,3,5,13.8,11.3,2.5
REST_015,small,8,0,2,3,0,5,14.7,9.8,4.899999999999999
REST_015,small,9,0,1,1,2,4,16.8,8.1,8.700000000000001
REST_015,small,10,0,1,5,1,7,14.9,13.7,1.200000000000001
REST_015,small,11,0,1,2,0,3,11.7,9.1,2.5999999999999996
REST_015,small,12,1,5,3,3,11,24.9,22.8,2.099999999999998
REST_015,small,13,1,2,2,1,5,18.4,17.1,1.2999999999999972
REST_015,small,14,1,4,5,1,10,23.8,16.4,7.400000000000002
REST_015,small,15,0,4,1,0,5,12.4,14.0,-1.5999999999999996
REST_015,small,16,0,3,2,1,6,19.6,14.1,5.500000000000002
REST_015,small,17,0,2,2,4,8,17.7,11.9,5.799999999999999
REST_015,small,18,0,2,2,0,4,15.0,15.4,-0.40000000000000036
REST_015,small,19,1,3,5,3,11,25.0,18.0,7.0
REST_015,small,20,1,1,2,3,6,22.9,19.2,3.6999999999999993
REST_015,small,21,1,6,3,2,11,26.3,23.4,2.900000000000002
REST_015,small,22,0,1,2,1,4,15.0,14.8,0.1999999999999993
REST_015,small,23,0,1,0,0,1,12.4,7.3,5.1000000000000005
REST_016,large,0,0,12,7,5,24,37.1,23.4,13.700000000000003
REST_016,large,1,0,13,8,5,26,39.5,20.9,18.6
REST_016,large,2,0,15,6,7,28,35.4,25.2,10.2
REST_016,large,3,0,4,6,2,12,23.0,13.2,9.8
REST_016,large,4,0,14,5,3,22,37.4,27.0,10.399999999999999
REST_016,large,5,0,8,6,8,22,34.0,19.6,14.399999999999999
REST_016,large,6,0,11,11,6,28,40.5,25.3,15.2
REST_016,large,7,0,7,4,4,15,25.8,17.8,8.0
REST_016,large,8,0,5,11,7,23,33.3,13.3,19.999999999999996
REST_016,large,9,0,9,8,4,21,30.6,19.7,10.900000000000002
REST_016,large,10,0,8,6,3,17,30.8,21.3,9.5
REST_016,large,11,0,12,10,6,28,40.8,24.2,16.599999999999998
REST_016,large,12,1,15,23,7,45,64.1,32.5,31.599999999999994
REST_016,large,13,1,17,11,3,31,48.1,34.4,13.700000000000003
REST_016,large,14,1,18,17,10,45,65.9,35.2,30.700000000000003
REST_016,large,15,0,18,6,4,28,40.4,27.5,12.899999999999999
REST_016,large,16,0,10,8,6,24,35.7,17.7,18.000000000000004
REST_016,large,17,0,12,10,8,30,41.3,19.4,21.9
REST_016,large,18,0,13,7,2,22,35.2,24.2,11.000000000000004
REST_016,large,19,1,19,12,12,43,58.5,34.7,23.799999999999997
REST_016,large,20,1,18,14,5,37,53.7,33.6,20.1
REST_016,large,21,1,17,14,9,40,58.7,36.1,22.6
REST_016,large,22,0,7,6,5,18,27.2,14.5,12.7
REST_016,large,23,0,13,7,4,24,33.0,22.5,10.5
REST_017,medium,0,0,8,5,2,15,28.4,19.2,9.2
REST_017,medium,1,0,4,2,2,8,16.6,14.2,2.400000000000002
REST_017,medium,2,0,7,6,1,14,21.9,16.6,5.299999999999997
REST_017,medium,3,0,4,1,3,8,20.6,15.1,5.500000000000002
REST_017,medium,4,0,3,1,1,5,16.7,13.0,3.6999999999999993
REST_017,medium,5,0,6,3,1,10,23.2,18.5,4.699999999999999
REST_017,medium,6,0,7,4,4,15,24.4,12.7,11.7
REST_017,medium,7,0,4,5,2,11,22.8,12.7,10.100000000000001
REST_017,medium,8,0,5,3,4,12,22.8,17.9,4.900000000000002
REST_017,medium,9,0,4,2,0,6,18.9,15.0,3.8999999999999986
REST_017,medium,10,0,1,4,1,6,18.1,13.9,4.200000000000001
REST_017,medium,11,0,5,5,2,12,25.8,16.6,9.2
REST_017,medium,12,1,9,8,5,22,40.1,23.1,17.0
REST_017,medium,13,1,10,11,2,23,43.0,25.3,17.7
REST_017,medium,14,1,5,10,10,25,42.1,20.8,21.3
REST_017,medium,15,0,7,5,1,13,24.8,19.1,5.699999999999999
REST_017,medium,16,0,3,2,3,8,17.0,13.7,3.3000000000000007
REST_017,medium,17,0,2,4,4,10,20.0,10.5,9.5
REST_017,medium,18,0,4,4,3,11,23.6,14.7,8.900000000000002
REST_017,medium,19,1,9,13,2,24,42.8,23.2,19.599999999999998
REST_017,medium,20,1,9,4,6,19,34.6,23.4,11.200000000000003
REST_017,medium,21,1,12,12,5,29,47.4,26.6,20.799999999999997
REST_017,medium,22,0,4,4,4,12,20.7,15.9,4.799999999999999
REST_017,medium,23,0,6,5,2,13,21.8,14.1,7.700000000000001
REST_018,small,0,0,2,0,2,4,11.4,14.1,-2.6999999999999993
REST_018,small,1,0,3,3,2,8,17.6,14.5,3.1000000000000014
REST_018,small,2,0,4,0,1,5,16.9,14.6,2.299999999999999
REST_018,small,3,0,2,2,0,4,14.5,16.2,-1.6999999999999993
REST_018,small,4,0,2,1,2,5,15.5,13.3,2.1999999999999993
REST_018,small,5,0,0,1,3,4,17.6,9.4,8.200000000000001
REST_018,small,6,0,0,2,2,4,15.6,9.3,6.299999999999999
REST_018,small,7,0,0,1,1,2,10.9,11.4,-0.5
REST_018,small,8,0,2,1,2,5,13.1,11.7,1.4000000000000004
REST_018,small,9,0,2,3,2,7,17.7,14.6,3.0999999999999996
REST_018,small,10,0,4,1,1,6,16.5,17.3,-0.8000000000000007
REST_018,small,11,0,1,0,1,2,11.9,8.6,3.3000000000000007
REST_018,small,12,1,1,4,2,7,22.2,12.9,9.299999999999999
REST_018,small,13,1,3,4,1,8,23.1,19.1,4.0
REST_018,small,14,1,5,2,3,10,26.2,22.1,4.099999999999998
REST_018,small,15,0,2,2,0,4,14.5,15.2,-0.6999999999999993
REST_018,small,16,0,1,1,2,4,15.8,10.8,5.0
REST_018,small,17,0,3,0,2,5,10.3,18.4,-8.099999999999998
REST_018,small,18,0,4,0,0,4,13.0,15.2,-2.1999999999999993
REST_018,small,19,1,3,3,1,7,21.6,18.6,3.0
REST_018,small,20,1,4,3,0,7,23.9,20.6,3.299999999999997
REST_018,small,21,1,2,6,2,10,24.5,20.4,4.100000000000001
REST_018,small,22,0,2,1,1,4,14.4,10.9,3.5
REST_018,small,23,0,0,1,2,3,10.5,7.1,3.4000000000000004
REST_019,small,0,0,2,1,1,4,17.1,8.5,8.600000000000001
REST_019,small,1,0,2,2,4,8,22.1,12.8,9.3
REST_019,small,2,0,2,2,1,5,17.7,7.8,9.899999999999999
REST_019,small,3,0,3,0,1,4,15.2,13.3,1.8999999999999986
REST_019,small,4,0,0,1,2,3,17.7,12.4,5.299999999999999
REST_019,small,5,0,2,1,3,6,17.3,9.4,7.9
REST_019,small,6,0,4,2,2,8,19.2,13.6,5.6
REST_019,small,7,0,2,2,1,5,16.4,7.7,8.7
REST_019,small,8,0,3,1,3,7,17.9,12.6,5.299999999999999
REST_019,small,9,0,2,0,0,2,12.0,13.3,-1.3000000000000007
REST_019,small,10,0,1,0,2,3,14.9,9.4,5.5
REST_019,small,11,0,1,1,0,2,14.9,13.7,1.200000000000001
REST_019,small,12,1,2,4,1,7,24.3,17.5,6.800000000000001
REST_019,small,13,1,5,3,2,10,28.6,20.5,8.100000000000001
REST_019,small,14,1,5,6,1,12,30.0,24.6,5.399999999999999
REST_019,small,15,0,2,0,1,3,13.3,8.6,4.700000000000001
REST_019,small,16,0,2,2,1,5,14.8,13.7,1.1000000000000014
REST_019,small,17,0,3,2,0,5,11.7,10.8,0.8999999999999986
REST_019,small,18,0,5,1,0,6,17.8,12.4,5.4
REST_019,small,19,1,7,2,0,9,26.8,27.3,-0.5
REST_019,small,20,1,3,5,2,10,23.4,16.6,6.799999999999997
REST_019,small,21,1,4,3,6,13,29.5,17.4,12.100000000000001
REST_019,small,22,0,0,2,0,2,12.1,7.2,4.8999999999999995
REST_019,small,23,0,3,1,1,5,15.0,13.2,1.8000000000000007
REST_020,small,0,0,2,1,0,3,14.5,13.5,1.0
REST_020,small,1,0,3,4,3,10,19.6,12.0,7.600000000000001
REST_020,small,2,0,2,1,1,4,14.8,14.6,0.20000000000000107
REST_020,small,3,0,2,0,0,2,13.7,12.9,0.7999999999999989
REST_020,small,4,0,2,2,1,5,15.8,18.0,-2.1999999999999993
REST_020,small,5,0,1,1,1,3,14.9,13.0,1.9000000000000004
REST_020,small,6,0,1,2,0,3,13.9,8.6,5.300000000000001
REST_020,small,7,0,1,2,1,4,15.3,11.6,3.700000000000001
REST_020,small,8,0,1,4,1,6,15.3,11.0,4.300000000000001
REST_020,small,9,0,2,1,2,5,14.8,11.2,3.6000000000000014
REST_020,small,10,0,4,2,0,6,18.0,14.5,3.5
REST_020,small,11,0,3,0,0,3,11.6,14.6,-3.0
REST_020,small,12,1,3,4,4,11,27.9,16.6,11.299999999999997
REST_020,small,13,1,5,6,4,15,30.7,22.1,8.599999999999998
REST_020,small,14,1,2,2,2,6,24.1,15.6,8.500000000000002
REST_020,small,15,0,4,0,1,5,12.8,15.8,-3.0
REST_020,small,16,0,3,2,0,5,12.6,10.8,1.799999999999999
REST_020,small,17,0,1,1,2,4,16.0,13.5,2.5
REST_020,small,18,0,2,2,0,4,17.0,11.9,5.1
REST_020,small,19,1,5,4,1,10,27.9,19.0,8.899999999999999
REST_020,small,20,1,2,2,0,4,16.4,16.8,-0.40000000000000213
REST_020,small,21,1,5,3,5,13,30.3,17.0,13.3
REST_020,small,22,0,1,0,2,3,11.8,10.1,1.700000000000001
REST_020,small,23,0,1,3,1,5,13.4,12.0,1.4000000000000004
REST_021,medium,0,0,4,3,7,14,22.1,12.6,9.500000000000002
REST_021,medium,1,0,4,1,1,6,11.8,11.8,0.0
REST_021,medium,2,0,6,0,2,8,19.7,18.1,1.5999999999999979
REST_021,medium,3,0,6,4,3,13,27.0,13.6,13.4
REST_021,medium,4,0,4,2,3,9,20.1,14.7,5.400000000000002
REST_021,medium,5,0,1,4,3,8,17.1,8.0,9.100000000000001
REST_021,medium,6,0,4,4,2,10,19.6,15.7,3.900000000000002
REST_021,medium,7,0,6,6,1,13,22.8,13.1,9.700000000000001
REST_021,medium,8,0,2,2,4,8,17.4,10.3,7.099999999999998
REST_021,medium,9,0,6,3,4,13,24.0,14.9,9.1
REST_021,medium,10,0,5,4,2,11,22.9,14.9,7.999999999999998
REST_021,medium,11,0,2,1,6,9,21.0,12.0,9.0
REST_021,medium,12,1,9,8,6,23,38.7,23.3,15.400000000000002
REST_021,medium,13,1,8,5,3,16,30.9,22.6,8.299999999999997
REST_021,medium,14,1,12,10,5,27,44.4,29.5,14.899999999999999
REST_021,medium,15,0,2,6,6,14,24.5,12.9,11.6
REST_021,medium,16,0,3,2,1,6,13.9,13.3,0.5999999999999996
REST_021,medium,17,0,7,1,3,11,20.6,18.5,2.1000000000000014
REST_021,medium,18,0,3,2,3,8,19.8,12.6,7.200000000000001
REST_021,medium,19,1,12,8,6,26,42.0,28.9,13.100000000000001
REST_021,medium,20,1,11,13,5,29,49.7,25.8,23.900000000000002
REST_021,medium,21,1,10,11,6,27,43.6,23.0,20.6
REST_021,medium,22,0,4,3,5,12,24.5,13.8,10.7
REST_021,medium,23,0,5,1,3,9,20.6,17.2,3.400000000000002
REST_022,medium,0,0,5,6,3,14,22.2,14.8,7.399999999999999
REST_022,medium,1,0,2,2,2,6,16.9,12.1,4.799999999999999
REST_022,medium,2,0,2,2,3,7,18.4,10.2,8.2
REST_022,medium,3,0,7,2,3,12,21.4,18.4,3.0
REST_022,medium,4,0,3,4,3,10,21.2,12.7,8.5
REST_022,medium,5,0,6,2,2,10,16.6,17.1,-0.5
REST_022,medium,6,0,2,6,2,10,21.6,12.5,9.100000000000001
REST_022,medium,7,0,2,5,5,12,23.0,7.5,15.5
REST_022,medium,8,0,5,2,3,10,18.5,15.0,3.5
REST_022,medium,9,0,6,2,3,11,19.9,18.2,1.6999999999999993
REST_022,medium,10,0,4,3,3,10,20.9,17.0,3.8999999999999986
REST_022,medium,11,0,3,4,2,9,22.1,10.8,11.3
REST_022,medium,12,1,5,6,5,16,31.0,21.1,9.899999999999999
REST_022,medium,13,1,11,9,5,25,42.2,29.2,13.000000000000004
REST_022,medium,14,1,10,7,4,21,39.4,26.2,13.2
REST_022,medium,15,0,6,3,2,11,22.3,12.0,10.3
REST_022,medium,16,0,7,1,3,11,20.9,20.0,0.8999999999999986
REST_022,medium,17,0,3,3,5,11,21.2,17.4,3.8000000000000007
REST_022,medium,18,0,7,4,0,11,23.5,13.4,10.1
REST_022,medium,19,1,3,6,5,14,31.4,19.8,11.599999999999998
REST_022,medium,20,1,6,9,4,19,32.1,20.5,11.600000000000001
REST_022,medium,21,1,15,6,4,25,42.8,35.4,7.399999999999999
REST_022,medium,22,0,3,1,7,11,24.7,14.4,10.299999999999999
REST_022,medium,23,0,6,8,0,14,25.5,18.0,7.5
REST_023,medium,0,0,4,2,5,11,20.0,17.0,3.0
REST_023,medium,1,0,5,0,4,9,17.3,14.2,3.1000000000000014
REST_023,medium,2,0,3,5,3,11,23.5,13.1,10.4
REST_023,medium,3,0,3,4,1,8,16.5,14.0,2.5
REST_023,medium,4,0,5,2,2,9,21.5,13.8,7.699999999999999
REST_023,medium,5,0,5,4,1,10,21.1,19.1,2.0
REST_023,medium,6,0,4,5,1,10,21.0,15.8,5.199999999999999
REST_023,medium,7,0,2,3,2,7,16.2,10.5,5.699999999999999
REST_023,medium,8,0,1,3,3,7,17.4,9.3,8.099999999999998
REST_023,medium,9,0,6,6,1,13,23.5,14.0,9.5
REST_023,medium,10,0,4,5,5,14,27.4,15.7,11.7
REST_023,medium,11,0,4,1,0,5,12.5,16.4,-3.8999999999999986
REST_023,medium,12,1,5,8,4,17,32.7,21.6,11.100000000000001
REST_023,medium,13,1,11,7,6,24,39.9,27.8,12.099999999999998
REST_023,medium,14,1,7,10,6,23,38.3,22.0,16.299999999999997
REST_023,medium,15,0,5,1,4,10,19.5,14.7,4.800000000000001
REST_023,medium,16,0,3,0,4,7,17.8,15.1,2.700000000000001
REST_023,medium,17,0,6,5,4,15,25.1,15.9,9.200000000000001
REST_023,medium,18,0,4,4,3,11,26.2,12.8,13.399999999999999
REST_023,medium,19,1,13,8,6,27,43.8,32.9,10.899999999999999
REST_023,medium,20,1,5,10,3,18,30.6,20.0,10.600000000000001
REST_023,medium,21,1,12,7,7,26,43.1,25.5,17.6
REST_023,medium,22,0,5,4,4,13,26.2,13.7,12.5
REST_023,medium,23,0,3,3,0,6,15.9,14.3,1.5999999999999996
REST_024,medium,0,0,5,3,4,12,24.2,15.0,9.2
REST_024,medium,1,0,4,5,3,12,18.5,13.7,4.800000000000001
REST_024,medium,2,0,3,4,2,9,19.0,12.1,6.9
REST_024,medium,3,0,6,3,1,10,20.2,14.1,6.1
REST_024,medium,4,0,4,1,1,6,12.5,16.4,-3.8999999999999986
REST_024,medium,5,0,6,2,2,10,22.4,21.6,0.7999999999999972
REST_024,medium,6,0,4,4,2,10,17.5,12.6,4.9
REST_024,medium,7,0,7,5,2,14,23.0,20.5,2.5
REST_024,medium,8,0,4,5,0,9,19.2,16.0,3.1999999999999993
REST_024,medium,9,0,3,3,1,7,18.9,14.2,4.699999999999999
REST_024,medium,10,0,4,3,1,8,17.0,10.8,6.199999999999999
REST_024,medium,11,0,3,6,2,11,20.7,13.1,7.6
REST_024,medium,12,1,16,9,4,29,45.6,32.7,12.899999999999999
REST_024,medium,13,1,9,7,4,20,38.8,25.7,13.099999999999998
REST_024,medium,14,1,7,14,5,26,41.4,22.4,19.0
REST_024,medium,15,0,4,2,0,6,15.8,12.9,2.9000000000000004
REST_024,medium,16,0,3,2,4,9,17.7,16.9,0.8000000000000007
REST_024,medium,17,0,4,4,2,10,22.3,14.2,8.100000000000001
REST_024,medium,18,0,7,5,0,12,21.8,15.9,5.9
REST_024,medium,19,1,8,9,3,20,34.5,24.2,10.3
REST_024,medium,20,1,7,13,4,24,44.3,22.1,22.199999999999996
REST_024,medium,21,1,8,12,4,24,40.5,24.2,16.3
REST_024,medium,22,0,9,4,2,15,26.9,18.9,8.0
REST_024,medium,23,0,2,4,6,12,24.8,11.8,13.0
REST_025,medium,0,0,8,3,5,16,30.0,18.8,11.2
REST_025,medium,1,0,2,4,0,6,13.4,10.8,2.5999999999999996
REST_025,medium,2,0,8,3,2,13,21.5,17.9,3.6000000000000014
REST_025,medium,3,0,5,3,4,12,24.7,14.3,10.399999999999999
REST_025,medium,4,0,4,2,2,8,17.8,15.3,2.5
REST_025,medium,5,0,4,2,2,8,23.7,15.3,8.399999999999999
REST_025,medium,6,0,8,3,4,15,30.4,19.3,11.099999999999998
REST_025,medium,7,0,6,3,1,10,19.3,18.3,1.0
REST_025,medium,8,0,4,2,2,8,20.8,21.5,-0.6999999999999993
REST_025,medium,9,0,2,2,1,5,14.1,9.9,4.199999999999999
REST_025,medium,10,0,2,5,1,8,17.7,10.8,6.899999999999999
REST_025,medium,11,0,4,4,4,12,26.7,14.3,12.399999999999999
REST_025,medium,12,1,6,7,5,18,34.3,21.0,13.299999999999997
REST_025,medium,13,1,11,7,4,22,44.5,27.3,17.2
REST_025,medium,14,1,6,7,3,16,32.8,20.2,12.599999999999998
REST_025,medium,15,0,5,5,2,12,22.6,14.2,8.400000000000002
REST_025,medium,16,0,4,5,1,10,20.4,14.4,5.999999999999998
REST_025,medium,17,0,3,8,5,16,27.5,11.6,15.9
REST_025,medium,18,0,5,4,1,10,20.9,16.0,4.899999999999999
REST_025,medium,19,1,8,12,7,27,39.1,26.0,13.100000000000001
REST_025,medium,20,1,6,6,7,19,34.0,24.6,9.399999999999999
REST_025,medium,21,1,9,12,2,23,37.8,26.7,11.099999999999998
REST_025,medium,22,0,6,5,2,13,25.2,18.0,7.199999999999999
REST_025,medium,23,0,4,1,5,10,20.9,14.0,6.899999999999999
REST_026,medium,0,0,5,5,1,11,21.2,18.6,2.599999999999998
REST_026,medium,1,0,7,4,3,14,23.9,17.5,6.399999999999999
REST_026,medium,2,0,5,6,1,12,22.1,16.8,5.300000000000001
REST_026,medium,3,0,8,8,5,21,34.9,17.3,17.599999999999998
REST_026,medium,4,0,6,5,3,14,25.4,14.4,10.999999999999998
REST_026,medium,5,0,4,8,2,14,25.0,13.7,11.3
REST_026,medium,6,0,4,2,4,10,22.4,18.0,4.399999999999999
REST_026,medium,7,0,6,5,1,12,24.1,12.6,11.500000000000002
REST_026,medium,8,0,4,6,2,12,23.0,15.9,7.1
REST_026,medium,9,0,2,2,4,8,18.8,13.9,4.9
REST_026,medium,10,0,3,4,1,8,17.9,14.0,3.8999999999999986
REST_026,medium,11,0,5,2,2,9,17.7,18.6,-0.9000000000000021
REST_026,medium,12,1,5,11,8,24,43.8,20.5,23.299999999999997
REST_026,medium,13,1,7,9,6,22,41.3,21.6,19.699999999999996
REST_026,medium,14,1,14,9,8,31,49.2,26.7,22.500000000000004
REST_026,medium,15,0,6,2,4,12,24.5,13.2,11.3
REST_026,medium,16,0,9,2,0,11,20.3,13.8,6.5
REST_026,medium,17,0,2,2,2,6,16.7,9.4,7.299999999999999
REST_026,medium,18,0,4,2,5,11,23.7,13.4,10.299999999999999
REST_026,medium,19,1,9,2,2,13,28.1,24.8,3.3000000000000007
REST_026,medium,20,1,9,12,9,30,49.7,21.9,27.800000000000004
REST_026,medium,21,1,5,6,6,17,33.3,21.8,11.499999999999996
REST_026,medium,22,0,3,3,3,9,20.4,16.9,3.5
REST_026,medium,23,0,5,5,4,14,27.9,16.7,11.2
REST_027,small,0,0,1,1,1,3,13.2,10.1,3.0999999999999996
REST_027,small,1,0,1,4,0,5,19.4,11.2,8.2
REST_027,small,2,0,2,2,1,5,15.5,14.2,1.3000000000000007
REST_027,small,3,0,2,0,0,2,9.1,9.9,-0.8000000000000007
REST_027,small,4,0,2,0,0,2,9.9,12.5,-2.5999999999999996
REST_027,small,5,0,0,2,1,3,13.4,12.9,0.5
REST_027,small,6,0,0,2,1,3,10.9,8.5,2.4000000000000004
REST_027,small,7,0,1,1,0,2,14.6,12.4,2.1999999999999993
REST_027,small,8,0,2,2,1,5,16.3,12.5,3.8000000000000007
REST_027,small,9,0,2,0,1,3,10.2,10.1,0.09999999999999964
REST_027,small,10,0,2,1,1,4,11.9,14.1,-2.1999999999999993
REST_027,small,11,0,2,1,1,4,12.8,11.4,1.4000000000000004
REST_027,small,12,1,5,2,1,8,25.1,20.7,4.400000000000002
REST_027,small,13,1,4,1,2,7,24.1,17.5,6.600000000000001
REST_027,small,14,1,4,3,2,9,25.3,22.0,3.3000000000000007
REST_027,small,15,0,1,1,3,5,15.0,13.4,1.5999999999999996
REST_027,small,16,0,1,4,2,7,13.6,9.7,3.9000000000000004
REST_027,small,17,0,1,1,0,2,11.8,5.0,6.800000000000001
REST_027,small,18,0,1,0,2,3,15.3,12.9,2.4000000000000004
REST_027,small,19,1,3,1,0,4,19.0,21.6,-2.6000000000000014
REST_027,small,20,1,4,2,0,6,22.5,21.1,1.3999999999999986
REST_027,small,21,1,4,3,2,9,25.6,16.7,8.900000000000002
REST_027,small,22,0,2,2,3,7,16.3,14.6,1.700000000000001
REST_027,small,23,0,1,2,2,5,12.9,7.9,5.0
REST_028,medium,0,0,4,1,2,7,17.9,10.9,6.999999999999998
REST_028,medium,1,0,7,7,5,19,26.6,16.4,10.200000000000003
REST_028,medium,2,0,7,5,2,14,24.8,18.6,6.199999999999999
REST_028,medium,3,0,7,6,3,16,23.8,19.1,4.699999999999999
REST_028,medium,4,0,6,3,2,11,23.0,14.0,9.0
REST_028,medium,5,0,1,5,1,7,19.1,11.7,7.400000000000002
REST_028,medium,6,0,4,4,2,10,20.9,14.0,6.899999999999999
REST_028,medium,7,0,5,1,2,8,16.8,19.9,-3.099999999999998
REST_028,medium,8,0,3,5,1,9,19.5,12.7,6.800000000000001
REST_028,medium,9,0,0,1,5,6,14.6,8.3,6.299999999999999
REST_028,medium,10,0,5,2,4,11,25.2,19.3,5.899999999999999
REST_028,medium,11,0,5,2,2,9,17.3,15.0,2.3000000000000007
REST_028,medium,12,1,12,11,5,28,48.3,29.6,18.699999999999996
REST_028,medium,13,1,7,4,1,12,26.8,23.6,3.1999999999999993
REST_028,medium,14,1,11,8,0,19,35.6,29.8,5.800000000000001
REST_028,medium,15,0,7,1,2,10,23.6,19.9,3.700000000000003
REST_028,medium,16,0,9,1,5,15,29.5,21.5,8.0
REST_028,medium,17,0,4,6,4,14,23.4,15.8,7.599999999999998
REST_028,medium,18,0,3,1,2,6,15.0,13.7,1.3000000000000007
REST_028,medium,19,1,6,9,4,19,37.5,21.5,16.0
REST_028,medium,20,1,10,11,5,26,40.3,26.2,14.099999999999998
REST_028,medium,21,1,9,8,6,23,37.7,25.1,12.600000000000001
REST_028,medium,22,0,3,2,3,8,20.5,13.6,6.9
REST_028,medium,23,0,4,4,3,11,22.3,11.0,11.3
REST_029,small,0,0,5,1,1,7,13.7,15.0,-1.3000000000000007
REST_029,small,1,0,2,2,1,5,15.3,11.2,4.100000000000001
REST_029,small,2,0,1,3,2,6,16.5,9.9,6.6
REST_029,small,3,0,1,1,2,4,14.3,12.7,1.6000000000000014
REST_029,small,4,0,3,1,2,6,16.3,11.4,4.9
REST_029,small,5,0,0,1,1,2,14.5,7.6,6.9
REST_029,small,6,0,4,3,1,8,19.7,14.9,4.799999999999999
REST_029,small,7,0,2,3,2,7,19.2,10.2,9.0
REST_029,small,8,0,1,1,0,2,10.9,9.6,1.3000000000000007
REST_029,small,9,0,1,3,0,4,12.6,12.1,0.5
REST_029,small,10,0,2,2,1,5,16.6,12.8,3.8000000000000007
REST_029,small,11,0,3,2,0,5,15.0,15.9,-0.9000000000000004
REST_029,small,12,1,2,6,2,10,29.2,20.3,8.899999999999999
REST_029,small,13,1,6,8,0,14,34.6,22.8,11.8
REST_029,small,14,1,2,4,1,7,21.8,15.8,6.0
REST_029,small,15,0,2,2,0,4,13.4,12.7,0.7000000000000011
REST_029,small,16,0,2,2,2,6,16.1,12.7,3.400000000000002
REST_029,small,17,0,0,3,0,3,7.1,10.1,-3.0
REST_029,small,18,0,5,2,4,11,18.8,15.0,3.8000000000000007
REST_029,small,19,1,1,5,2,8,24.0,19.0,5.0
REST_029,small,20,1,5,1,2,8,25.9,22.0,3.8999999999999986
REST_029,small,21,1,1,1,3,5,21.1,14.1,7.000000000000002
REST_029,small,22,0,1,1,0,2,10.5,13.4,-2.9000000000000004
REST_029,small,23,0,3,1,0,4,10.6,14.5,-3.9000000000000004
REST_030,medium,0,0,9,3,1,13,26.0,21.5,4.5
REST_030,medium,1,0,4,2,1,7,19.4,15.9,3.4999999999999982
REST_030,medium,2,0,6,5,3,14,27.0,17.5,9.5
REST_030,medium,3,0,11,6,1,18,29.0,22.7,6.300000000000001
REST_030,medium,4,0,8,2,3,13,26.1,19.5,6.600000000000001
REST_030,medium,5,0,6,4,2,12,25.2,17.5,7.699999999999999
REST_030,medium,6,0,5,5,3,13,25.2,15.9,9.299999999999999
REST_030,medium,7,0,9,2,2,13,25.9,17.9,8.0
REST_030,medium,8,0,3,1,4,8,20.0,13.2,6.800000000000001
REST_030,medium,9,0,5,3,5,13,22.7,18.3,4.399999999999999
REST_030,medium,10,0,4,4,5,13,22.5,13.2,9.3
REST_030,medium,11,0,1,5,2,8,16.0,13.9,2.0999999999999996
REST_030,medium,12,1,9,8,5,22,40.3,23.5,16.799999999999997
REST_030,medium,13,1,9,7,8,24,43.7,23.7,20.000000000000004
REST_030,medium,14,1,8,7,7,22,39.9,25.1,14.799999999999997
REST_030,medium,15,0,3,4,4,11,19.4,11.8,7.599999999999998
REST_030,medium,16,0,9,5,4,18,33.3,20.9,12.399999999999999
REST_030,medium,17,0,5,3,3,11,24.6,19.1,5.5
REST_030,medium,18,0,5,2,4,11,23.8,14.4,9.4
REST_030,medium,19,1,7,9,3,19,33.6,23.9,9.700000000000003
REST_030,medium,20,1,9,9,5,23,40.4,24.5,15.899999999999999
REST_030,medium,21,1,9,11,3,23,44.0,26.7,17.3
REST_030,medium,22,0,6,7,1,14,26.2,18.2,8.0
REST_030,medium,23,0,9,3,0,12,23.5,20.8,2.6999999999999993
REST_031,large,0,0,12,11,7,30,46.2,22.0,24.200000000000003
REST_031,large,1,0,11,9,2,22,34.9,20.3,14.599999999999998
REST_031,large,2,0,8,7,2,17,35.0,20.6,14.399999999999999
REST_031,large,3,0,8,5,7,20,32.3,20.6,11.699999999999996
REST_031,large,4,0,9,7,8,24,32.7,20.5,12.200000000000003
REST_031,large,5,0,11,6,6,23,36.9,23.1,13.799999999999997
REST_031,large,6,0,9,9,5,23,34.6,24.0,10.600000000000001
REST_031,large,7,0,8,6,8,22,32.8,18.9,13.899999999999999
REST_031,large,8,0,7,10,8,25,40.0,20.9,19.1
REST_031,large,9,0,6,7,7,20,30.0,15.9,14.1
REST_031,large,10,0,12,6,5,23,35.9,23.5,12.399999999999999
REST_031,large,11,0,8,8,5,21,32.8,21.9,10.899999999999999
REST_031,large,12,1,16,23,10,49,66.7,36.7,30.0
REST_031,large,13,1,20,25,5,50,71.5,33.9,37.6
REST_031,large,14,1,22,14,8,44,64.5,35.4,29.1
REST_031,large,15,0,12,2,5,19,30.2,23.6,6.599999999999998
REST_031,large,16,0,5,11,5,21,32.7,15.9,16.800000000000004
REST_031,large,17,0,14,6,6,26,39.1,24.9,14.200000000000003
REST_031,large,18,0,9,7,8,24,37.9,18.6,19.299999999999997
REST_031,large,19,1,17,17,9,43,62.0,33.7,28.299999999999997
REST_031,large,20,1,13,19,11,43,62.7,34.7,28.0
REST_031,large,21,1,17,16,12,45,65.1,32.3,32.8
REST_031,large,22,0,7,12,5,24,35.9,17.8,18.099999999999998
REST_031,large,23,0,5,7,2,14,26.3,14.8,11.5
REST_032,small,0,0,2,1,2,5,16.2,14.5,1.6999999999999993
REST_032,small,1,0,2,0,1,3,16.2,11.1,5.1
REST_032,small,2,0,2,2,1,5,12.5,10.9,1.5999999999999996
REST_032,small,3,0,4,3,1,8,19.0,13.4,5.6
REST_032,small,4,0,4,0,3,7,20.8,15.2,5.600000000000001
REST_032,small,5,0,0,4,1,5,17.6,9.4,8.200000000000001
REST_032,small,6,0,5,2,1,8,18.9,16.8,2.099999999999998
REST_032,small,7,0,2,3,2,7,17.1,14.4,2.700000000000001
REST_032,small,8,0,2,1,0,3,11.4,12.2,-0.7999999999999989
REST_032,small,9,0,2,0,0,2,11.2,13.0,-1.8000000000000007
REST_032,small,10,0,4,1,2,7,16.6,14.2,2.400000000000002
REST_032,small,11,0,4,2,1,7,19.0,12.1,6.9
REST_032,small,12,1,6,1,2,9,24.6,21.5,3.1000000000000014
REST_032,small,13,1,3,1,0,4,15.1,17.9,-2.799999999999999
REST_032,small,14,1,6,6,2,14,28.2,18.2,10.0
REST_032,small,15,0,0,2,0,2,13.3,10.3,3.0
REST_032,small,16,0,2,5,3,10,19.2,11.4,7.799999999999999
REST_032,small,17,0,2,0,0,2,13.5,16.8,-3.3000000000000007
REST_032,small,18,0,1,0,1,2,12.1,12.4,-0.3000000000000007
REST_032,small,19,1,2,5,2,9,24.9,15.0,9.899999999999999
REST_032,small,20,1,2,6,2,10,24.5,16.9,7.600000000000001
REST_032,small,21,1,3,5,1,9,25.5,17.1,8.399999999999999
REST_032,small,22,0,1,1,2,4,12.4,13.2,-0.7999999999999989
REST_032,small,23,0,2,2,0,4,14.6,10.2,4.4
REST_033,large,0,0,12,9,4,25,36.9,22.4,14.5
REST_033,large,1,0,8,14,6,28,38.4,18.0,20.4
REST_033,large,2,0,9,5,4,18,30.0,16.7,13.3
REST_033,large,3,0,11,10,6,27,42.5,23.0,19.5
REST_033,large,4,0,5,5,9,19,26.6,16.5,10.100000000000001
REST_033,large,5,0,15,5,12,32,44.1,25.5,18.6
REST_033,large,6,0,5,5,3,13,24.9,16.8,8.099999999999998
REST_033,large,7,0,6,8,11,25,38.9,15.8,23.099999999999998
REST_033,large,8,0,10,5,4,19,30.2,20.0,10.2
REST_033,large,9,0,13,5,12,30,44.7,22.6,22.1
REST_033,large,10,0,5,8,1,14,24.9,13.8,11.099999999999998
REST_033,large,11,0,11,6,3,20,31.7,22.9,8.8
REST_033,large,12,1,20,14,14,48,67.5,35.6,31.9
REST_033,large,13,1,19,18,12,49,68.6,38.3,30.299999999999997
REST_033,large,14,1,21,22,15,58,78.0,39.8,38.2
REST_033,large,15,0,10,6,4,20,31.6,20.2,11.400000000000002
REST_033,large,16,0,11,7,8,26,39.5,23.3,16.2
REST_033,large,17,0,8,6,10,24,41.0,17.3,23.7
REST_033,large,18,0,8,5,7,20,31.1,15.7,15.400000000000002
REST_033,large,19,1,18,20,4,42,64.1,32.0,32.099999999999994
REST_033,large,20,1,19,15,10,44,62.7,40.8,21.900000000000006
REST_033,large,21,1,12,24,11,47,69.4,27.8,41.60000000000001
REST_033,large,22,0,6,6,10,22,32.9,17.2,15.7
REST_033,large,23,0,8,5,5,18,29.5,15.9,13.6
REST_034,large,0,0,5,4,8,17,29.9,11.8,18.099999999999998
REST_034,large,1,0,10,6,4,20,32.4,21.8,10.599999999999998
REST_034,large,2,0,8,10,2,20,28.2,15.8,12.399999999999999
REST_034,large,3,0,10,8,8,26,36.0,20.3,15.7
REST_034,large,4,0,6,10,4,20,29.4,18.9,10.5
REST_034,large,5,0,8,5,7,20,31.8,16.5,15.3
REST_034,large,6,0,13,5,4,22,35.2,23.8,11.400000000000002
REST_034,large,7,0,12,10,9,31,41.0,23.6,17.4
REST_034,large,8,0,12,4,7,23,38.2,23.9,14.300000000000004
REST_034,large,9,0,9,8,6,23,36.6,18.9,17.700000000000003
REST_034,large,10,0,7,4,4,15,25.7,16.6,9.099999999999998
REST_034,large,11,0,10,7,6,23,33.1,23.7,9.400000000000002
REST_034,large,12,1,14,14,7,35,54.9,29.1,25.799999999999997
REST_034,large,13,1,22,15,8,45,62.1,42.2,19.9
REST_034,large,14,1,28,23,12,63,84.4,45.3,39.10000000000001
REST_034,large,15,0,11,4,5,20,33.3,21.9,11.399999999999999
REST_034,large,16,0,7,7,11,25,38.9,19.5,19.4
REST_034,large,17,0,4,5,3,12,23.5,14.9,8.6
REST_034,large,18,0,13,9,4,26,38.2,20.7,17.500000000000004
REST_034,large,19,1,18,22,10,50,72.8,36.3,36.5
REST_034,large,20,1,14,14,8,36,56.3,31.6,24.699999999999996
REST_034,large,21,1,17,16,10,43,58.7,32.9,25.800000000000004
REST_034,large,22,0,7,3,8,18,28.6,17.9,10.700000000000003
REST_034,large,23,0,8,9,9,26,39.1,18.3,20.8
REST_035,large,0,0,6,8,4,18,31.5,18.6,12.899999999999999
REST_035,large,1,0,4,10,4,18,31.3,14.7,16.6
REST_035,large,2,0,12,6,2,20,31.6,22.7,8.900000000000002
REST_035,large,3,0,14,8,7,29,37.0,23.4,13.600000000000001
REST_035,large,4,0,13,6,7,26,42.7,23.9,18.800000000000004
REST_035,large,5,0,9,5,6,20,32.9,14.5,18.4
REST_035,large,6,0,6,5,3,14,23.0,12.9,10.1
REST_035,large,7,0,8,7,6,21,35.1,18.3,16.8
REST_035,large,8,0,10,8,8,26,42.6,18.9,23.700000000000003
REST_035,large,9,0,12,6,8,26,38.6,21.2,17.400000000000002
REST_035,large,10,0,8,14,4,26,38.4,20.1,18.299999999999997
REST_035,large,11,0,9,10,4,23,33.7,21.7,12.000000000000004
REST_035,large,12,1,15,14,11,40,58.2,28.5,29.700000000000003
REST_035,large,13,1,21,14,7,42,59.6,39.3,20.300000000000004
REST_035,large,14,1,18,25,4,47,66.8,36.6,30.199999999999996
REST_035,large,15,0,4,7,2,13,24.8,11.8,13.0
REST_035,large,16,0,11,12,2,25,35.8,20.0,15.799999999999997
REST_035,large,17,0,9,4,9,22,34.2,20.7,13.500000000000004
REST_035,large,18,0,16,5,6,27,42.9,30.6,12.299999999999997
REST_035,large,19,1,20,23,12,55,75.9,36.9,39.00000000000001
REST_035,large,20,1,20,13,6,39,55.0,36.6,18.4
REST_035,large,21,1,15,21,10,46,66.6,27.5,39.099999999999994
REST_035,large,22,0,18,4,2,24,34.5,31.1,3.3999999999999986
REST_035,large,23,0,12,5,5,22,34.9,22.1,12.799999999999997
REST_036,large,0,0,11,3,3,17,28.9,19.8,9.099999999999998
REST_036,large,1,0,11,3,7,21,34.9,23.7,11.2
REST_036,large,2,0,9,3,9,21,36.5,23.9,12.600000000000001
REST_036,large,3,0,10,1,10,21,33.0,20.0,13.0
REST_036,large,4,0,8,10,4,22,35.2,19.2,16.000000000000004
REST_036,large,5,0,7,8,6,21,31.7,16.0,15.7
REST_036,large,6,0,5,5,6,16,25.7,14.5,11.2
REST_036,large,7,0,11,8,7,26,36.4,20.7,15.7
REST_036,large,8,0,8,11,4,23,37.3,18.7,18.599999999999998
REST_036,large,9,0,11,6,6,23,36.6,23.0,13.600000000000001
REST_036,large,10,0,8,6,7,21,32.3,20.2,12.099999999999998
REST_036,large,11,0,7,9,3,19,33.5,19.0,14.5
REST_036,large,12,1,11,21,7,39,58.7,26.6,32.1
REST_036,large,13,1,9,18,4,31,45.7,24.5,21.200000000000003
REST_036,large,14,1,16,23,6,45,65.2,33.6,31.6
REST_036,large,15,0,16,10,11,37,50.2,29.4,20.800000000000004
REST_036,large,16,0,11,7,5,23,36.8,24.5,12.299999999999997
REST_036,large,17,0,11,6,2,19,29.5,25.7,3.8000000000000007
REST_036,large,18,0,14,2,8,24,39.9,24.5,15.399999999999999
REST_036,large,19,1,16,11,7,34,51.2,34.8,16.400000000000006
REST_036,large,20,1,19,26,8,53,75.5,36.3,39.2
REST_036,large,21,1,23,18,12,53,72.8,41.0,31.799999999999997
REST_036,large,22,0,12,8,4,24,38.8,19.9,18.9
REST_036,large,23,0,10,6,8,24,35.8,20.2,15.599999999999998
REST_037,medium,0,0,1,2,1,4,16.0,10.8,5.199999999999999
REST_037,medium,1,0,5,3,1,9,19.2,13.4,5.799999999999999
REST_037,medium,2,0,6,3,0,9,19.9,15.6,4.299999999999999
REST_037,medium,3,0,6,3,2,11,23.0,17.9,5.100000000000001
REST_037,medium,4,0,8,5,0,13,28.4,21.5,6.899999999999999
REST_037,medium,5,0,4,5,4,13,20.2,16.3,3.8999999999999986
REST_037,medium,6,0,8,5,3,16,27.4,19.2,8.2
REST_037,medium,7,0,5,2,4,11,21.4,16.1,5.299999999999997
REST_037,medium,8,0,4,2,1,7,16.6,13.2,3.400000000000002
REST_037,medium,9,0,8,2,2,12,25.5,20.6,4.899999999999999
REST_037,medium,10,0,2,2,3,7,17.1,12.2,4.900000000000002
REST_037,medium,11,0,5,5,8,18,27.1,13.7,13.400000000000002
REST_037,medium,12,1,7,13,3,23,38.4,21.6,16.799999999999997
REST_037,medium,13,1,7,6,5,18,35.6,22.9,12.700000000000003
REST_037,medium,14,1,8,7,4,19,32.6,22.2,10.400000000000002
REST_037,medium,15,0,6,6,0,12,18.9,17.0,1.8999999999999986
REST_037,medium,16,0,6,2,4,12,23.4,18.1,5.299999999999997
REST_037,medium,17,0,4,5,1,10,20.2,15.5,4.699999999999999
REST_037,medium,18,0,9,1,1,11,19.5,20.4,-0.8999999999999986
REST_037,medium,19,1,6,9,3,18,37.0,16.6,20.4
REST_037,medium,20,1,14,14,3,31,47.8,29.7,18.099999999999998
REST_037,medium,21,1,6,8,9,23,40.9,20.9,20.0
REST_037,medium,22,0,4,1,0,5,15.1,12.6,2.5
REST_037,medium,23,0,7,1,2,10,19.9,15.6,4.299999999999999
REST_038,small,0,0,2,2,1,5,15.4,14.6,0.8000000000000007
REST_038,small,1,0,5,4,1,10,18.4,15.9,2.4999999999999982
REST_038,small,2,0,2,2,1,5,16.5,11.1,5.4
REST_038,small,3,0,2,2,0,4,15.6,12.3,3.299999999999999
REST_038,small,4,0,3,4,2,9,21.9,11.9,9.999999999999998
REST_038,small,5,0,2,1,2,5,12.0,12.9,-0.9000000000000004
REST_038,small,6,0,1,0,1,2,9.9,14.0,-4.1
REST_038,small,7,0,3,1,1,5,15.4,12.5,2.9000000000000004
REST_038,small,8,0,3,1,2,6,17.3,17.0,0.3000000000000007
REST_038,small,9,0,3,1,0,4,16.2,14.0,2.1999999999999993
REST_038,small,10,0,1,5,0,6,17.1,10.1,7.000000000000002
REST_038,small,11,0,0,1,0,1,10.9,10.3,0.5999999999999996
REST_038,small,12,1,2,6,1,9,26.4,16.5,9.899999999999999
REST_038,small,13,1,5,2,2,9,26.5,22.3,4.199999999999999
REST_038,small,14,1,10,2,2,14,30.2,22.7,7.5
REST_038,small,15,0,4,2,0,6,14.7,15.7,-1.0
REST_038,small,16,0,5,0,3,8,18.1,16.0,2.1000000000000014
REST_038,small,17,0,0,3,3,6,16.1,11.0,5.100000000000001
REST_038,small,18,0,2,2,2,6,16.0,13.4,2.5999999999999996
REST_038,small,19,1,3,2,4,9,27.1,20.8,6.300000000000001
REST_038,small,20,1,2,4,1,7,24.1,18.8,5.300000000000001
REST_038,small,21,1,1,4,1,6,19.7,16.9,2.8000000000000007
REST_038,small,22,0,1,0,0,1,14.4,8.9,5.5
REST_038,small,23,0,3,0,1,4,16.8,17.0,-0.1999999999999993
REST_039,large,0,0,14,4,6,24,32.5,24.5,8.0
REST_039,large,1,0,7,5,4,16,27.3,16.0,11.3
REST_039,large,2,0,4,13,8,25,37.6,19.0,18.6
REST_039,large,3,0,3,4,6,13,25.4,10.6,14.799999999999999
REST_039,large,4,0,11,9,2,22,33.7,23.4,10.300000000000004
REST_039,large,5,0,12,7,9,28,40.4,22.9,17.5
REST_039,large,6,0,12,6,7,25,39.2,23.3,15.900000000000002
REST_039,large,7,0,20,3,3,26,37.7,33.0,4.700000000000003
REST_039,large,8,0,8,7,5,20,34.0,18.6,15.399999999999999
REST_039,large,9,0,9,6,9,24,33.0,17.5,15.5
REST_039,large,10,0,13,7,5,25,33.9,22.2,11.7
REST_039,large,11,0,10,8,4,22,36.8,20.8,15.999999999999996
REST_039,large,12,1,17,21,10,48,67.7,32.5,35.2
REST_039,large,13,1,17,13,13,43,64.1,32.2,31.89999999999999
REST_039,large,14,1,20,20,15,55,77.3,34.4,42.9
REST_039,large,15,0,6,7,11,24,32.1,18.0,14.100000000000001
REST_039,large,16,0,12,10,6,28,39.7,24.1,15.600000000000001
REST_039,large,17,0,2,6,7,15,27.6,14.4,13.200000000000001
REST_039,large,18,0,7,5,7,19,29.7,17.5,12.2
REST_039,large,19,1,19,18,11,48,68.8,34.1,34.699999999999996
REST_039,large,20,1,18,23,10,51,71.4,32.0,39.400000000000006
REST_039,large,21,1,18,21,6,45,64.1,36.0,28.099999999999994
REST_039,large,22,0,7,7,10,24,36.2,19.3,16.900000000000002
REST_039,large,23,0,9,10,6,25,38.2,12.4,25.800000000000004
REST_040,small,0,0,2,1,1,4,12.9,9.2,3.700000000000001
REST_040,small,1,0,0,2,2,4,13.8,12.6,1.200000000000001
REST_040,small,2,0,2,1,1,4,11.9,10.9,1.0
REST_040,small,3,0,3,2,3,8,21.1,13.1,8.000000000000002
REST_040,small,4,0,4,1,2,7,16.0,17.9,-1.8999999999999986
REST_040,small,5,0,0,1,1,2,13.9,11.5,2.4000000000000004
REST_040,small,6,0,1,2,1,4,12.3,16.0,-3.6999999999999993
REST_040,small,7,0,3,4,1,8,18.9,11.8,7.099999999999998
REST_040,small,8,0,1,1,0,2,13.9,12.3,1.5999999999999996
REST_040,small,9,0,2,0,0,2,15.5,12.8,2.6999999999999993
REST_040,small,10,0,2,2,3,7,19.7,18.3,1.3999999999999986
REST_040,small,11,0,2,0,1,3,19.1,12.4,6.700000000000001
REST_040,small,12,1,1,6,0,7,20.9,15.3,5.599999999999998
REST_040,small,13,1,2,3,3,8,20.7,20.2,0.5
REST_040,small,14,1,4,4,2,10,29.3,23.8,5.5
REST_040,small,15,0,2,1,2,5,18.3,11.7,6.600000000000001
REST_040,small,16,0,5,2,0,7,18.0,14.8,3.1999999999999993
REST_040,small,17,0,1,2,0,3,11.9,9.4,2.5
REST_040,small,18,0,2,0,0,2,12.2,12.9,-0.7000000000000011
REST_040,small,19,1,6,3,3,12,31.0,19.0,12.0
REST_040,small,20,1,3,5,0,8,24.6,16.3,8.3
REST_040,small,21,1,3,4,3,10,23.7,19.8,3.8999999999999986
REST_040,small,22,0,1,0,0,1,10.4,10.6,-0.1999999999999993
REST_040,small,23,0,1,1,2,4,13.7,11.3,2.3999999999999986
REST_041,large,0,0,10,6,3,19,27.5,23.1,4.399999999999999
REST_041,large,1,0,7,7,3,17,28.4,16.3,12.099999999999998
REST_041,large,2,0,11,5,5,21,38.0,22.7,15.3
REST_041,large,3,0,7,7,2,16,25.7,15.8,9.899999999999999
REST_041,large,4,0,13,13,6,32,44.4,18.3,26.099999999999998
REST_041,large,5,0,8,4,6,18,28.1,18.9,9.200000000000003
REST_041,large,6,0,5,5,4,14,23.8,13.9,9.9
REST_041,large,7,0,9,8,5,22,39.3,23.3,15.999999999999996
REST_041,large,8,0,14,6,2,22,35.1,23.0,12.100000000000001
REST_041,large,9,0,15,5,7,27,38.4,28.2,10.2
REST_041,large,10,0,7,12,3,22,31.0,20.2,10.8
REST_041,large,11,0,13,15,10,38,50.6,21.6,29.0
REST_041,large,12,1,20,23,6,49,70.4,35.4,35.00000000000001
REST_041,large,13,1,19,21,11,51,70.6,32.4,38.199999999999996
REST_041,large,14,1,17,22,8,47,68.1,34.0,34.099999999999994
REST_041,large,15,0,9,3,3,15,27.4,17.6,9.799999999999997
REST_041,large,16,0,12,7,4,23,34.9,19.9,15.0
REST_041,large,17,0,15,10,6,31,46.3,24.8,21.499999999999996
REST_041,large,18,0,10,7,6,23,34.5,22.4,12.100000000000001
REST_041,large,19,1,19,17,5,41,65.1,36.6,28.499999999999993
REST_041,large,20,1,17,17,9,43,63.3,37.5,25.799999999999997
REST_041,large,21,1,16,22,9,47,67.4,36.0,31.400000000000006
REST_041,large,22,0,17,8,7,32,43.2,31.5,11.700000000000003
REST_041,large,23,0,16,10,4,30,43.2,30.0,13.200000000000003
REST_042,small,0,0,4,2,0,6,16.0,15.5,0.5
REST_042,small,1,0,3,1,3,7,17.6,16.1,1.5
REST_042,small,2,0,1,0,1,2,9.2,11.4,-2.200000000000001
REST_042,small,3,0,2,0,1,3,13.0,9.8,3.1999999999999993
REST_042,small,4,0,3,0,1,4,16.6,14.5,2.1000000000000014
REST_042,small,5,0,3,1,0,4,13.5,10.7,2.8000000000000007
REST_042,small,6,0,0,0,2,2,10.6,10.7,-0.09999999999999964
REST_042,small,7,0,1,2,2,5,14.2,12.7,1.5
REST_042,small,8,0,2,2,1,5,17.3,11.5,5.800000000000001
REST_042,small,9,0,2,2,3,7,19.7,9.0,10.7
REST_042,small,10,0,2,1,2,5,15.6,11.4,4.199999999999999
REST_042,small,11,0,0,3,1,4,15.4,10.9,4.5
REST_042,small,12,1,2,4,2,8,20.8,15.4,5.4
REST_042,small,13,1,2,3,1,6,24.7,19.1,5.599999999999998
REST_042,small,14,1,5,3,0,8,25.4,22.1,3.299999999999997
REST_042,small,15,0,2,0,1,3,14.0,16.1,-2.1000000000000014
REST_042,small,16,0,0,1,3,4,13.0,9.3,3.6999999999999993
REST_042,small,17,0,1,0,1,2,12.4,10.0,2.4000000000000004
REST_042,small,18,0,1,1,1,3,11.9,13.7,-1.799999999999999
REST_042,small,19,1,2,3,2,7,24.1,15.7,8.400000000000002
REST_042,small,20,1,5,5,4,14,33.0,20.2,12.8
REST_042,small,21,1,5,1,0,6,22.5,16.9,5.600000000000001
REST_042,small,22,0,0,0,0,0,12.7,13.1,-0.40000000000000036
REST_042,small,23,0,2,0,0,2,13.5,12.7,0.8000000000000007
REST_043,medium,0,0,2,4,2,8,16.0,11.8,4.199999999999999
REST_043,medium,1,0,5,2,3,10,21.5,14.9,6.6
REST_043,medium,2,0,3,6,1,10,21.6,14.1,7.500000000000002
REST_043,medium,3,0,3,2,3,8,19.4,16.0,3.3999999999999986
REST_043,medium,4,0,8,4,2,14,25.0,19.4,5.600000000000001
REST_043,medium,5,0,3,3,2,8,18.1,15.0,3.1000000000000014
REST_043,medium,6,0,2,4,1,7,17.7,11.2,6.5
REST_043,medium,7,0,4,3,4,11,23.5,15.0,8.5
REST_043,medium,8,0,1,2,1,4,13.7,10.2,3.5
REST_043,medium,9,0,6,6,1,13,23.5,18.3,5.199999999999999
REST_043,medium,10,0,2,1,1,4,12.2,11.3,0.8999999999999986
REST_043,medium,11,0,5,2,4,11,19.6,13.2,6.400000000000002
REST_043,medium,12,1,9,7,7,23,42.0,25.6,16.4
REST_043,medium,13,1,13,5,3,21,36.7,29.2,7.5000000000000036
REST_043,medium,14,1,7,15,7,29,49.6,20.0,29.6
REST_043,medium,15,0,9,3,1,13,23.6,18.6,5.0
REST_043,medium,16,0,2,1,0,3,14.3,9.0,5.300000000000001
REST_043,medium,17,0,5,2,1,8,19.3,17.9,1.4000000000000021
REST_043,medium,18,0,10,3,1,14,24.0,23.2,0.8000000000000007
REST_043,medium,19,1,6,12,7,25,42.3,18.7,23.599999999999998
REST_043,medium,20,1,9,11,4,24,38.8,21.2,17.599999999999998
REST_043,medium,21,1,13,10,5,28,45.3,29.5,15.799999999999997
REST_043,medium,22,0,7,5,3,15,27.3,16.3,11.0
REST_043,medium,23,0,6,3,2,11,20.1,18.6,1.5
REST_044,medium,0,0,6,2,4,12,21.3,13.1,8.200000000000001
REST_044,medium,1,0,2,3,5,10,24.5,13.7,10.8
REST_044,medium,2,0,6,2,4,12,24.2,14.4,9.799999999999999
REST_044,medium,3,0,3,4,3,10,19.1,16.9,2.200000000000003
REST_044,medium,4,0,6,4,1,11,16.5,16.8,-0.3000000000000007
REST_044,medium,5,0,9,0,4,13,24.7,21.1,3.599999999999998
REST_044,medium,6,0,5,5,0,10,18.9,15.8,3.099999999999998
REST_044,medium,7,0,2,3,3,8,20.1,11.3,8.8
REST_044,medium,8,0,1,3,0,4,17.4,12.1,5.299999999999999
REST_044,medium,9,0,3,4,4,11,22.3,12.8,9.5
REST_044,medium,10,0,1,3,4,8,19.0,12.3,6.699999999999999
REST_044,medium,11,0,6,6,4,16,25.2,18.3,6.899999999999999
REST_044,medium,12,1,11,10,7,28,44.2,28.7,15.500000000000004
REST_044,medium,13,1,6,9,3,18,37.3,20.5,16.799999999999997
REST_044,medium,14,1,8,6,6,20,39.5,20.3,19.2
REST_044,medium,15,0,3,5,3,11,23.2,14.2,9.0
REST_044,medium,16,0,5,4,3,12,25.6,16.4,9.200000000000003
REST_044,medium,17,0,3,3,1,7,17.0,11.1,5.9
REST_044,medium,18,0,8,8,1,17,29.3,19.7,9.600000000000001
REST_044,medium,19,1,10,5,4,19,36.8,23.7,13.099999999999998
REST_044,medium,20,1,13,5,4,22,39.1,31.1,8.0
REST_044,medium,21,1,8,10,5,23,40.2,23.3,16.900000000000002
REST_044,medium,22,0,4,1,3,8,17.6,13.5,4.100000000000001
REST_044,medium,23,0,9,2,3,14,24.7,21.0,3.6999999999999993
REST_045,small,0,0,2,2,1,5,16.8,14.5,2.3000000000000007
REST_045,small,1,0,3,1,0,4,17.6,14.3,3.3000000000000007
REST_045,small,2,0,0,4,1,5,15.2,10.5,4.699999999999999
REST_045,small,3,0,1,1,1,3,14.9,12.9,2.0
REST_045,small,4,0,1,0,2,3,15.2,11.8,3.3999999999999986
REST_045,small,5,0,4,4,2,10,19.9,15.4,4.499999999999998
REST_045,small,6,0,2,2,2,6,15.1,12.2,2.9000000000000004
REST_045,small,7,0,2,1,1,4,15.2,15.3,-0.10000000000000142
REST_045,small,8,0,5,2,0,7,15.4,11.5,3.9000000000000004
REST_045,small,9,0,0,1,1,2,14.1,10.6,3.5
REST_045,small,10,0,2,2,0,4,14.0,11.7,2.3000000000000007
REST_045,small,11,0,0,4,4,8,19.2,9.0,10.2
REST_045,small,12,1,4,1,2,7,19.8,19.7,0.10000000000000142
REST_045,small,13,1,2,1,0,3,22.7,19.6,3.099999999999998
REST_045,small,14,1,1,5,7,13,26.8,18.5,8.3
REST_045,small,15,0,2,5,1,8,15.1,11.1,4.0
REST_045,small,16,0,1,1,1,3,14.6,8.9,5.699999999999999
REST_045,small,17,0,2,3,1,6,16.7,8.8,7.899999999999999
REST_045,small,18,0,4,2,0,6,17.6,19.2,-1.5999999999999979
REST_045,small,19,1,0,3,3,6,21.2,12.6,8.6
REST_045,small,20,1,4,3,2,9,19.0,18.0,1.0
REST_045,small,21,1,5,4,0,9,25.9,23.0,2.8999999999999986
REST_045,small,22,0,1,0,0,1,7.9,10.5,-2.5999999999999996
REST_045,small,23,0,2,1,1,4,14.0,11.9,2.0999999999999996
REST_046,large,0,0,16,8,12,36,50.8,29.5,21.299999999999997
REST_046,large,1,0,16,9,1,26,39.8,26.9,12.899999999999999
REST_046,large,2,0,19,7,10,36,47.8,31.4,16.4
REST_046,large,3,0,8,5,8,21,33.0,21.2,11.8
REST_046,large,4,0,14,7,6,27,38.0,25.5,12.5
REST_046,large,5,0,12,8,7,27,42.5,21.7,20.8
REST_046,large,6,0,15,9,8,32,45.8,27.0,18.799999999999997
REST_046,large,7,0,11,12,5,28,40.7,24.9,15.800000000000004
REST_046,large,8,0,11,11,10,32,39.0,22.9,16.1
REST_046,large,9,0,13,15,1,29,38.4,22.9,15.5
REST_046,large,10,0,10,4,5,19,29.1,20.6,8.5
REST_046,large,11,0,10,8,5,23,33.5,24.0,9.5
REST_046,large,12,1,19,25,12,56,79.4,34.9,44.50000000000001
REST_046,large,13,1,28,18,7,53,70.4,49.6,20.800000000000004
REST_046,large,14,1,16,21,14,51,66.6,33.4,33.199999999999996
REST_046,large,15,0,7,6,7,20,30.8,19.1,11.7
REST_046,large,16,0,14,8,4,26,39.9,22.1,17.799999999999997
REST_046,large,17,0,11,8,5,24,35.0,23.8,11.2
REST_046,large,18,0,12,4,2,18,31.6,25.4,6.200000000000003
REST_046,large,19,1,22,17,10,49,70.2,38.0,32.2
REST_046,large,20,1,20,14,9,43,60.0,38.8,21.200000000000003
REST_046,large,21,1,22,14,15,51,69.0,40.0,29.0
REST_046,large,22,0,13,7,3,23,35.4,26.0,9.399999999999999
REST_046,large,23,0,9,6,3,18,29.0,20.1,8.899999999999999
REST_047,small,0,0,2,2,2,6,15.9,11.7,4.200000000000001
REST_047,small,1,0,1,1,1,3,11.5,11.3,0.1999999999999993
REST_047,small,2,0,3,0,1,4,15.6,10.6,5.0
REST_047,small,3,0,0,2,0,2,10.8,12.2,-1.3999999999999986
REST_047,small,4,0,2,0,1,3,11.7,13.1,-1.4000000000000004
REST_047,small,5,0,3,2,4,9,20.1,9.8,10.3
REST_047,small,6,0,3,0,0,3,16.5,15.2,1.3000000000000007
REST_047,small,7,0,2,1,1,4,18.4,13.3,5.099999999999998
REST_047,small,8,0,5,1,1,7,21.1,16.3,4.800000000000001
REST_047,small,9,0,4,4,2,10,24.0,14.6,9.4
REST_047,small,10,0,5,2,0,7,20.7,14.1,6.6
REST_047,small,11,0,2,0,3,5,13.8,12.4,1.4000000000000004
REST_047,small,12,1,9,2,0,11,27.4,24.4,3.0
REST_047,small,13,1,2,4,2,8,22.5,18.6,3.8999999999999986
REST_047,small,14,1,3,3,1,7,21.9,18.3,3.599999999999998
REST_047,small,15,0,1,1,1,3,15.9,9.7,6.200000000000001
REST_047,small,16,0,2,1,1,4,14.6,11.4,3.1999999999999993
REST_047,small,17,0,5,3,1,9,15.9,11.3,4.6
REST_047,small,18,0,0,0,2,2,7.9,10.6,-2.6999999999999993
REST_047,small,19,1,3,4,2,9,24.3,18.6,5.699999999999999
REST_047,small,20,1,4,5,2,11,29.1,21.4,7.700000000000003
REST_047,small,21,1,3,2,3,8,24.6,18.5,6.100000000000001
REST_047,small,22,0,1,2,0,3,12.8,12.6,0.20000000000000107
REST_047,small,23,0,0,1,4,5,18.1,8.9,9.200000000000001
REST_048,medium,0,0,4,4,2,10,22.2,11.6,10.6
REST_048,medium,1,0,6,3,2,11,20.5,20.4,0.10000000000000142
REST_048,medium,2,0,5,3,2,10,23.7,14.0,9.7
REST_048,medium,3,0,4,3,4,11,21.1,17.2,3.900000000000002
REST_048,medium,4,0,8,2,2,12,21.6,16.9,4.700000000000003
REST_048,medium,5,0,3,5,4,12,20.3,12.9,7.4
REST_048,medium,6,0,4,1,2,7,19.8,15.1,4.700000000000001
REST_048,medium,7,0,5,2,2,9,14.8,13.5,1.3000000000000007
REST_048,medium,8,0,2,3,4,9,17.2,9.5,7.699999999999999
REST_048,medium,9,0,8,4,2,14,24.9,17.8,7.099999999999998
REST_048,medium,10,0,5,3,2,10,20.8,18.3,2.5
REST_048,medium,11,0,6,4,2,12,18.4,17.3,1.0999999999999979
REST_048,medium,12,1,6,5,3,14,29.2,23.2,6.0
REST_048,medium,13,1,8,15,5,28,46.2,27.0,19.200000000000003
REST_048,medium,14,1,8,6,2,16,31.5,24.2,7.300000000000001
REST_048,medium,15,0,4,3,3,10,23.3,14.1,9.200000000000001
REST_048,medium,16,0,2,1,7,10,19.6,7.3,12.3
REST_048,medium,17,0,6,7,1,14,21.9,16.2,5.699999999999999
REST_048,medium,18,0,11,8,0,19,31.8,23.9,7.900000000000002
REST_048,medium,19,1,8,12,9,29,47.2,23.0,24.200000000000003
REST_048,medium,20,1,9,8,1,18,32.7,25.4,7.300000000000004
REST_048,medium,21,1,5,4,2,11,27.6,21.3,6.300000000000001
REST_048,medium,22,0,9,4,4,17,28.1,21.4,6.700000000000003
REST_048,medium,23,0,3,5,2,10,19.6,9.6,10.000000000000002
REST_049,medium,0,0,1,9,3,13,23.8,12.0,11.8
REST_049,medium,1,0,4,1,1,6,19.5,12.2,7.300000000000001
REST_049,medium,2,0,6,5,4,15,24.8,15.4,9.4
REST_049,medium,3,0,3,1,2,6,18.5,14.3,4.199999999999999
REST_049,medium,4,0,6,3,2,11,21.6,16.1,5.5
REST_049,medium,5,0,3,1,1,5,13.5,13.6,-0.09999999999999964
REST_049,medium,6,0,2,3,1,6,15.1,14.3,0.7999999999999989
REST_049,medium,7,0,4,3,2,9,22.4,15.5,6.899999999999999
REST_049,medium,8,0,4,3,3,10,16.8,12.8,4.0
REST_049,medium,9,0,5,3,5,13,22.5,12.7,9.8
REST_049,medium,10,0,5,3,3,11,23.8,12.2,11.600000000000001
REST_049,medium,11,0,4,5,3,12,24.4,15.8,8.599999999999998
REST_049,medium,12,1,12,3,3,18,32.5,25.7,6.800000000000001
REST_049,medium,13,1,12,8,4,24,38.4,25.7,12.7
REST_049,medium,14,1,6,15,3,24,44.4,18.3,26.099999999999998
REST_049,medium,15,0,5,2,4,11,23.7,13.6,10.1
REST_049,medium,16,0,3,3,0,6,16.2,13.8,2.3999999999999986
REST_049,medium,17,0,4,3,2,9,17.2,13.1,4.1
REST_049,medium,18,0,7,7,1,15,26.0,20.7,5.300000000000001
REST_049,medium,19,1,9,10,7,26,42.5,24.5,18.0
REST_049,medium,20,1,9,11,6,26,37.1,29.1,8.0
REST_049,medium,21,1,10,9,4,23,42.6,23.9,18.700000000000003
REST_049,medium,22,0,5,2,3,10,19.1,13.0,6.100000000000001
REST_049,medium,23,0,4,5,4,13,23.9,15.9,7.999999999999998
REST_050,small,0,0,3,2,0,5,15.0,14.4,0.5999999999999996
REST_050,small,1,0,3,3,3,9,19.8,15.9,3.9000000000000004
REST_050,small,2,0,1,0,1,2,13.6,12.4,1.1999999999999993
REST_050,small,3,0,5,2,0,7,22.2,17.1,5.099999999999998
REST_050,small,4,0,6,0,3,9,18.8,17.6,1.1999999999999993
REST_050,small,5,0,2,0,0,2,10.8,13.1,-2.299999999999999
REST_050,small,6,0,2,3,2,7,19.5,10.5,9.0
REST_050,small,7,0,2,1,1,4,17.0,11.9,5.1
REST_050,small,8,0,3,2,0,5,15.2,12.9,2.299999999999999
REST_050,small,9,0,5,2,2,9,22.3,13.0,9.3
REST_050,small,10,0,1,1,1,3,9.7,12.0,-2.3000000000000007
REST_050,small,11,0,0,1,0,1,12.3,6.8,5.500000000000001
REST_050,small,12,1,1,4,2,7,23.3,18.3,5.0
REST_050,small,13,1,5,5,3,13,33.3,17.7,15.599999999999998
REST_050,small,14,1,5,7,3,15,32.4,22.8,9.599999999999998
REST_050,small,15,0,2,1,0,3,12.7,11.3,1.3999999999999986
REST_050,small,16,0,0,2,3,5,17.1,10.6,6.500000000000002
REST_050,small,17,0,2,2,2,6,16.9,14.2,2.6999999999999993
REST_050,small,18,0,7,0,1,8,17.7,18.6,-0.9000000000000021
REST_050,small,19,1,4,1,1,6,23.0,18.1,4.899999999999999
REST_050,small,20,1,2,2,2,6,25.1,14.7,10.400000000000002
REST_050,small,21,1,6,4,3,13,24.9,20.9,4.0
REST_050,small,22,0,3,3,0,6,21.5,10.6,10.9
REST_050,small,23,0,4,3,0,7,17.1,14.6,2.5000000000000018
